{
    "target_configs": {
        "player": {
            "name": [
                "player_10_2QGJ81",
                "player_12_2QGJ81"
            ],
            "app_id": [
                10,
                12
            ],
            "animation": [
                "pick_up",
                "liedown"
            ],
            "feature_caption": [
                "A man with medium skin, wearing sunglasses, maroon polo shirt, beige pants, brown shoes, and a watch",
                "A man wearing a gray suit, dark shirt, and brown shoes with short dark hair."
            ],
            "start_pos": [
                [
                    13754.839,
                    -1114.376,
                    -12713.017,
                    0.0,
                    -90.0,
                    0.0
                ],
                [
                    13749.317,
                    -1936.059,
                    -12713.225,
                    0,
                    41.00280704943427,
                    0
                ]
            ],
            "type": [
                "None",
                "None"
            ]
        },
        "drone": {
            "name": [
                "drone_0_2QGJ81"
            ],
            "app_id": [
                0
            ],
            "animation": [
                "none"
            ],
            "feature_caption": [
                "Aerial drone with a black and white frame, dual rotors, and a streamlined design."
            ],
            "start_pos": [
                [
                    13645.365,
                    -1264.48,
                    -12512.956,
                    0,
                    -24.82642485201339,
                    0
                ]
            ],
            "type": [
                "None"
            ]
        }
    },
    "sample_configs": {
        "sample_center": [
            13683.832,
            -1351.302,
            -12712.956
        ],
        "sample_radius": 788.4123610487801
    },
    "refer_agents_category": [
        "player",
        "drone"
    ],
    "safe_start": [
        [
            13704.721,
            -554.913,
            -12713.161,
            0,
            -89.23561907513343,
            0
        ],
        [
            13534.663,
            -1414.368,
            -12712.956,
            0,
            -7.499003718729583,
            0
        ],
        [
            13870.172,
            -2173.798,
            -12710.281,
            0,
            101.80093355828124,
            0
        ]
    ],
    "obs_dir": "E:\\EQA\\unrealzoo_gym\\example/QA_data_2\\Map_ChemicalPlant_1\\relative_distance\\2QGJ81\\obs_2QGJ81",
    "Questions": {
        "Question 1": {
            "question": "Which is closer to the_man_in_burgundy_polo_and_light_pants, the_man_in_grey_suit or White_Drone?",
            "options": [
                "A. the_man_in_grey_suit",
                "B. White_Drone"
            ],
            "answer": "B. White_Drone"
        },
        "Question 2": {
            "question": "Which is closer to White_Drone, the_man_in_burgundy_polo_and_light_pants or the_man_in_grey_suit?",
            "options": [
                "A. the_man_in_burgundy_polo_and_light_pants",
                "B. the_man_in_grey_suit"
            ],
            "answer": "A. the_man_in_burgundy_polo_and_light_pants"
        }
    }
}