{
    "target_configs": {
        "player": {
            "name": [
                "player_12_9ZF2IP",
                "player_4_9ZF2IP",
                "player_5_9ZF2IP"
            ],
            "app_id": [
                12,
                4,
                5
            ],
            "animation": [
                "stand",
                "crouch",
                "pick_up"
            ],
            "feature_caption": [
                "A man wearing a gray suit, dark shirt, and brown shoes with short dark hair.",
                "A woman with fair skin, wearing a white and blue shirt, blue pants, dark boots, a gray bandana, and a utility belt with pouches",
                "A female soldier wearing green tactical uniform, backpack, and black boots. Hair is tied back. She carries a utility vest and accessories."
            ],
            "start_pos": [
                [
                    10633.714,
                    -3799.959,
                    186.773,
                    0,
                    67.15233527761694,
                    0
                ],
                [
                    10526.355,
                    -3754.336,
                    185.988,
                    0,
                    -139.78876382147197,
                    0
                ],
                [
                    10413.894,
                    -4168.73,
                    180.113,
                    0.0,
                    -90.001,
                    0.0
                ]
            ],
            "type": [
                "None",
                "None",
                "None"
            ]
        }
    },
    "sample_configs": {
        "sample_center": [
            10598.389,
            -3491.627,
            188.71
        ],
        "sample_radius": 901.8138583556188
    },
    "refer_agents_category": [
        "player"
    ],
    "safe_start": [
        [
            9993.956,
            -4183.045,
            170.939,
            0,
            27.424315793071827,
            0
        ],
        [
            10028.504,
            -3399.405,
            181.547,
            0,
            -45.69044166123383,
            0
        ],
        [
            9936.829,
            -3819.247,
            172.547,
            0,
            -8.554155263867628,
            0
        ]
    ],
    "obs_dir": "E:\\EQA\\unrealzoo_gym\\example/QA_data_2\\Pyramid\\relative_distance\\9ZF2IP\\obs_9ZF2IP",
    "Questions": {
        "Question 1": {
            "question": "Which is closer to the_man_in_grey_suit, the_woman_in_floral_shirt or the_woman_in_camo_vest?",
            "options": [
                "A. the_woman_in_floral_shirt",
                "B. the_woman_in_camo_vest"
            ],
            "answer": "A. the_woman_in_floral_shirt"
        },
        "Question 2": {
            "question": "Which is closer to the_woman_in_floral_shirt, the_man_in_grey_suit or the_woman_in_camo_vest?",
            "options": [
                "A. the_man_in_grey_suit",
                "B. the_woman_in_camo_vest"
            ],
            "answer": "A. the_man_in_grey_suit"
        }
    }
}